"1","Lucius Mcintyre","Mam4HjQvKm","94610918","lmcintyre@gmail.com"
"2","Emerson Middleton","kWLWleQlSw","88823979","emiddleton@gmail.com"
"3","Wilford Koch","YLAiDarrfU","40406232","wkoch@gmail.com"
"4","Carla Leonard","8WBv7xfHMg","10693150","cleonard@gmail.com"
"5","Fabian Hull","er83oHCsqj","47992059","fhull@gmail.com"
"6","Dorothea Gutierrez","QSbXKfpWBt","93678041","dguitierrez@gmail.com"
"7","Arden Andrews","JmRPiG5Fj1","11655363","aandrews@gmail.com"
"8","Bradley Landry","chsGG8maQt","19721467","blandry@gmail.com"
"9","Nicky Gamble","rMYurOmOzR","50014378","ngamble@gmail.com"
"10","Arlen Mcmahon","CFrlVjN7Kk","24276979","amcmahon@gmail.com"
"11","Julius Hogan","JUHixREDpc","32305812","jhogan@gmail.com"
"12","Barrett Bonilla","2876D3aBPS","26342416","bbonilla@gmail.com"
"13","Jeanie Rivera","mkm5Wde8Ia","37633272","jrivera@gmail.com"
"14","Jere Kramer","aAA51qvUbh","25076691","jkramer@gmail.com"
"15","Wesley Larsen","yMF1BgRftI","35014543","wlarsen@gmail.com"
"16","Kenya Bartlett","ryWCPMdBrX","11471877","kbertlett@gmail.com"
"17","Simone Rosales","ykTLMzQ40x","37239038","srosales@gmail.com"
"18","Deidre Robinson","mWRTANGtzm","78344358","drobinson@gmail.com"
"19","Devon Owens","BPA7EnPbAp","49876844","dowens@gmail.com"
"20","Lance Church","Gq0W6p76qD","96169383","lchurch@gmail.com"
"21","Patti Drake","6wQphVk4Ls","17618149","pdrake@gmail.com"
"22","Keenan Miles","62IQyVAtpD","54201961","kmiles@gmail.com"
"23","Lidia Wilkins","mIz4BO3qLK","18932066","lwilkins@gmail.com"
"24","Renee Hopkins","O0RRFBUZ2c","68988713","rhopkins@gmail.com"
"25","Beatriz Hart","Noe0fvHTnG","67677548","bhart@gmail.com"
"26","Demarcus Robertson","xH1cpJDPO6","39191222","drobertson@gmail.com"
"27","Grace Shepherd","LUAcCLn0YX","32192117","gshepherd@gmail.com"
"28","Tracey Booth","v6zdVRkAbO","29209631","tbooth@gmail.com"
"29","Rupert White","0mb7JSqQk7","64716447","rwhite@gmail.com"
"30","Loretta Buck","3OvrtiF5pl","51336228","lbuck@gmail.com"
